mahd,makh,ngaylap
HD01,KH01,2024-01-20
HD02,KH02,2024-01-20
HD03,KH04,2024-01-21
HD04,KH05,2024-01-21
HD05,KH08,2024-01-21
HD06,KH05,2024-01-22
HD07,KH01,2024-01-22
HD08,KH01,2024-01-22
HD09,KH05,2024-01-22
HD10,KH02,2024-01-23
HD11,KH04,2024-01-23
HD12,KH41,2024-01-23
HD13,KH73,2024-01-24
HD14,KH74,2024-01-24
HD15,KH27,2024-01-24
HD16,KH94,2024-01-24
HD17,KH16,2024-01-24
HD18,KH05,2024-01-25
HD19,KH13,2024-01-25
HD20,KH17,2024-01-25
HD21,KH58,2024-01-26
HD22,KH60,2024-01-26
HD23,KH66,2024-01-26
HD24,KH22,2024-01-26
HD25,KH96,2024-01-27
HD26,KH85,2024-01-27
HD27,KH48,2024-01-27
HD28,KH12,2024-01-27
HD29,KH84,2024-01-28
HD30,KH41,2024-01-28
HD31,KH17,2024-01-28
HD32,KH46,2024-02-01
HD33,KH09,2024-02-01
HD34,KH87,2024-02-01
HD35,KH02,2024-02-01
HD36,KH56,2024-02-01
HD37,KH06,2024-02-01
HD38,KH58,2024-02-01
HD39,KH61,2024-02-02
HD40,KH66,2024-02-02
HD41,KH48,2024-02-02
HD42,KH26,2024-02-03
HD43,KH48,2024-02-03
HD44,KH01,2024-02-03
HD45,KH70,2024-02-04
HD46,KH92,2024-02-04
HD47,KH46,2024-02-05
HD48,KH52,2024-02-05
HD49,KH69,2024-02-05
HD50,KH46,2024-02-05
HD51,KH48,2024-02-06
HD52,KH55,2024-02-06
HD53,KH90,2024-02-06
HD54,KH76,2024-02-07
HD55,KH50,2024-02-07
HD56,KH34,2024-02-08
HD57,KH01,2024-02-08
HD58,KH87,2024-02-08
HD59,KH70,2024-02-08
HD60,KH05,2024-02-09
HD61,KH11,2024-02-09
HD62,KH28,2024-02-09
HD63,KH33,2024-02-10
HD64,KH43,2024-02-10
HD65,KH03,2024-02-10
HD66,KH57,2024-02-11
HD67,KH06,2024-02-11
HD68,KH35,2024-02-11
HD69,KH03,2024-02-12
HD70,KH58,2024-02-12
HD71,KH89,2024-02-13
HD72,KH65,2024-02-13
HD73,KH29,2024-02-13
HD74,KH80,2024-02-14
HD75,KH01,2024-02-14
HD76,KH29,2024-02-14
HD77,KH28,2024-02-14
HD78,KH04,2024-02-14
HD79,KH34,2024-02-14
HD80,KH03,2024-02-14
HD81,KH10,2024-02-15
HD82,KH08,2024-02-15
HD83,KH03,2024-02-15
HD84,KH05,2024-02-15
HD85,KH27,2024-02-15
HD86,KH18,2024-02-15