-- 221402 - N4

use master;
ALTER DATABASE QLNCKH SET OFFLINE WITH ROLLBACK IMMEDIATE;
ALTER DATABASE QLNCKH SET ONLINE;

DROP DATABASE QLNCKH;


CREATE DATABASE QLNCKH;
GO
use QLNCKH;
GO

-- Create table
CREATE TABLE GIAOVIEN (
	MA VARCHAR(8) NOT NULL,
	HO NVARCHAR(32) DEFAULT NULL,
	TENLOT NVARCHAR(32) DEFAULT NULL,
	TEN NVARCHAR(32) NOT NULL,
	PHAI NVARCHAR(3) NOT NULL CHECK (PHAI IN (N'NAM', N'NỮ')),
	NGSINH DATETIME DEFAULT NULL,
	LUONG INT NOT NULL DEFAULT 0,
	BO_MON VARCHAR(8),
	KHOA VARCHAR(8),
	PHU_CAP FLOAT NOT NULL DEFAULT 0.0,
	PRIMARY KEY (MA),
	CHECK(LUONG >= 0),
	CHECK(PHU_CAP >= 0.0)
);

CREATE TABLE PHONG (
	MA VARCHAR(8) NOT NULL,
	TEN NVARCHAR(64) DEFAULT NULL,
	PRIMARY KEY (MA)
);

CREATE TABLE KHOA (
	MA VARCHAR(8) NOT NULL,
	TEN NVARCHAR(255) NOT NULL,
	NAM_THANH_LAP INT NOT NULL,
	PHONG_LAM_VIEC VARCHAR(8),
	SO_DIEN_THOAI NVARCHAR(16),
	TRUONG_KHOA VARCHAR(8),
	NGAY_NHAN_CHUC DATETIME,
	PRIMARY KEY (MA),
	FOREIGN KEY (TRUONG_KHOA) REFERENCES GIAOVIEN (MA),
	FOREIGN KEY (PHONG_LAM_VIEC) REFERENCES PHONG (MA)
);

CREATE TABLE BO_MON (
	MA VARCHAR(8) NOT NULL,
	TEN NVARCHAR(255) NOT NULL,
	PHONG VARCHAR(8) NOT NULL,
	SO_DIEN_THOAI NVARCHAR(16),
	MA_KHOA VARCHAR(8) NOT NULL,
	TRUONG_BO_MON VARCHAR(8),
	NGAY_NHAN_CHUC DATETIME,
	PRIMARY KEY (MA),
	FOREIGN KEY (MA_KHOA) REFERENCES KHOA(MA),
	FOREIGN KEY (TRUONG_BO_MON) REFERENCES GIAOVIEN (MA),
	FOREIGN KEY (MA_KHOA) REFERENCES KHOA (MA),
);

CREATE TABLE SDT (
	MAGV VARCHAR(8) NOT NULL,
	SO_DIEN_THOAI NVARCHAR(32) NOT NULL,
	PRIMARY KEY (SO_DIEN_THOAI),
	FOREIGN KEY (MAGV) REFERENCES GIAOVIEN (MA)
);

CREATE TABLE DIA_CHI (
	MAGV VARCHAR(8) NOT NULL,
	SONHA NVARCHAR(255) DEFAULT NULL,
	DUONG NVARCHAR(255) DEFAULT NULL,
	QUAN NVARCHAR(255) DEFAULT NULL,
	THANHPHO NVARCHAR(255) DEFAULT NULL,
	FOREIGN KEY (MAGV) REFERENCES GIAOVIEN (MA)
);

CREATE TABLE CHU_DE (
	MA VARCHAR(8) NOT NULL,
	TEN NVARCHAR(255) NOT NULL,
	PRIMARY KEY (MA)
);

CREATE TABLE DE_TAI (
	STT INT NOT NULL IDENTITY(1,1),
	MA VARCHAR(8) NOT NULL,
	TEN NVARCHAR(255) NOT NULL,
	CAP_QUAN_LY VARCHAR(8),
	KINH_PHI INT NOT NULL,
	NGAY_BAT_DAU DATETIME,
	NGAY_KET_THUC DATETIME,
	CHU_DE VARCHAR(8),
	LA_CAPTRUONG BIT NOT NULL DEFAULT 0,
	PRIMARY KEY (MA),
	FOREIGN KEY (CAP_QUAN_LY) REFERENCES GIAOVIEN (MA),
	FOREIGN KEY (CHU_DE) REFERENCES CHU_DE (MA)
);

CREATE TABLE NGUOI_THAN (
	STT INT NOT NULL IDENTITY(1,1), 
	HO NVARCHAR(32) DEFAULT NULL,
	TENLOT NVARCHAR(32) DEFAULT NULL,
	TEN NVARCHAR(32) NOT NULL,
	PHAI NVARCHAR(3) NOT NULL CHECK (PHAI IN (N'NAM', N'NỮ')),
	NGSINH DATETIME DEFAULT NULL,
	MAGV VARCHAR(8) NOT NULL,
	PRIMARY KEY (STT),
	FOREIGN KEY (MAGV) REFERENCES GIAOVIEN (MA)
);

CREATE TABLE CONG_VIEC (
	STT_CONGVIEC INT NOT NULL,
	MA VARCHAR(8) NOT NULL,
	TEN NVARCHAR(255) NOT NULL,
	NGAY_BAT_DAU DATETIME DEFAULT NULL,
	NGAY_KET_THUC DATETIME DEFAULT NULL,
	PRIMARY KEY (STT_CONGVIEC),
	FOREIGN KEY (MA) REFERENCES DE_TAI (MA)
);

CREATE TABLE THAMGIADT (
	STT INT NOT NULL IDENTITY(1,1),
	MA VARCHAR(8) NOT NULL,
	MAGV VARCHAR(8) NOT NULL,
	STT_CONGVIEC INT NOT NULL,
	KETQUA INT NOT NULL DEFAULT 0,
	PRIMARY KEY (STT),
	FOREIGN KEY (MA) REFERENCES DE_TAI (MA),
	FOREIGN KEY (MAGV) REFERENCES GIAOVIEN (MA),
	FOREIGN KEY (STT_CONGVIEC) REFERENCES CONG_VIEC (STT_CONGVIEC)
);

-- CONSTRAINT

ALTER TABLE GIAOVIEN ADD FOREIGN KEY (KHOA) REFERENCES KHOA (MA);
ALTER TABLE GIAOVIEN ADD FOREIGN KEY (BO_MON) REFERENCES BO_MON (MA);

-- FUNCTION
GO
CREATE FUNCTION dbo.CHECK_KHOA_NAM_THANH_LAP (@MA_KHOA VARCHAR(8))
RETURNS VARCHAR(8)
AS
BEGIN
    RETURN (
		SELECT DISTINCT
			KHOA.NAM_THANH_LAP
		FROM 
			KHOA
		WHERE (
			KHOA.MA = @MA_KHOA
		)
	);
END;
GO

GO
CREATE FUNCTION dbo.CHECK_DE_TAI_NGAY_BAT_DAU (@MA_DE_TAI VARCHAR(8))
RETURNS VARCHAR(8)
AS
BEGIN
    RETURN (
		SELECT DISTINCT
			NGAY_BAT_DAU
		FROM 
			DE_TAI
		WHERE (
			DE_TAI.MA = @MA_DE_TAI
		)
	);
END;
GO

GO
CREATE FUNCTION dbo.CHECK_DE_TAI_NGAY_KET_THUC (@MA_DE_TAI VARCHAR(8))
RETURNS VARCHAR(8)
AS
BEGIN
    RETURN (
		SELECT DISTINCT
			NGAY_KET_THUC
		FROM 
			DE_TAI
		WHERE (
			DE_TAI.MA = @MA_DE_TAI
		)
	);
END;
GO

GO
CREATE FUNCTION dbo.CHECK_THAMGIADT_MADT (@STT_CONGVIEC VARCHAR(8))
RETURNS VARCHAR(8)
AS
BEGIN
    RETURN (
		SELECT DISTINCT
			MA
		FROM 
			CONG_VIEC
		WHERE (
			CONG_VIEC.STT_CONGVIEC = @STT_CONGVIEC
		)
	);
END;
GO
-- 

ALTER TABLE 
	BO_MON 
ADD CHECK (
	YEAR(dbo.CHECK_KHOA_NAM_THANH_LAP(MA_KHOA)) <= YEAR(NGAY_NHAN_CHUC)
);

ALTER TABLE 
	CONG_VIEC 
ADD CHECK (
	dbo.CHECK_DE_TAI_NGAY_BAT_DAU(MA) <= NGAY_BAT_DAU
);

ALTER TABLE 
	CONG_VIEC 
ADD CHECK (
	dbo.CHECK_DE_TAI_NGAY_KET_THUC(MA) >= NGAY_KET_THUC
);

ALTER TABLE 
	THAMGIADT 
ADD CHECK (
	dbo.CHECK_THAMGIADT_MADT(STT_CONGVIEC) = MA
);

-- DATA

BEGIN
	ALTER TABLE GIAOVIEN
	NOCHECK CONSTRAINT ALL
	INSERT INTO GIAOVIEN 
		(MA, HO, TENLOT, TEN, PHAI, NGSINH, BO_MON, KHOA, LUONG, PHU_CAP)
	VALUES 
		('001', N'Nguyễn', N'Văn', N'Khánh', N'NAM', '02/07/2004', 'HTTT', 'CNTT', 3000, 1.5),
		('002', N'Lê', N'Lâm Chiến', N'Thắng', N'NAM', '01/01/2004', 'MMT', 'MKT', 2500, 2.5),
		('003', N'Nguyễn', N'Văn', N'Sang', N'NAM', '02/01/2004', 'KTPM', 'NN', 2000, 0.5),
		('004', N'Nguyễn', N'Trần Hoàng', N'Thịnh', N'NAM', '03/01/2004', 'HTTT', 'TT', 1500, 3),
		('005', N'Nguyễn', N'Văn', N'A', N'NAM', '01/02/2000', 'KTPM', 'TT', 1000, 0),
		('006', N'Nguyễn', N'Thị', N'B', N'NỮ', '02/02/2000', 'MMT', 'NN', 1600, 1),
		('007', N'Nguyễn', N'', N'Cường', N'NAM', '03/02/2000', 'NNA', 'MKT', 1700, 0),
		('008', N'Nguyễn', N'Tiến', N'D', N'NAM', '04/02/2000', 'NNT', 'CNTT', 1100, 1),
		('009', N'Trần', N'Thị', N'E', N'NỮ', '05/02/2000', 'HTTT', 'TT', 1150, 0.5),
		('010', N'Trần', N'Văn', N'F', N'NAM', '06/02/2000', 'TKDH', 'MKT', 1200, 0),
		('011', N'Trần', N'Văn', N'Khánh', N'NAM', '07/02/2000', 'MMT', 'CNTT', 1250, 0),
		('012', N'Lê', N'Hồng', N'Phong', N'NAM', '01/01/1998', 'TKDH', 'TT', 1275, 0),
		('013', N'Nguyễn', N'Thị', N'Kiều', N'NỮ', '01/01/1988', 'KTPM', 'MKT', 1300, 0),
		('014', N'Nguyễn', N'Anh', N'Quốc', N'NAM', '01/01/1985', 'KTPM', 'CNTT', 1325, 0),
		('015', N'Nguyễn', N'Quốc', N'Anh', N'NAM', '01/01/1986', 'MMT', 'NN', 1400, 0),
		('016', N'Nguyễn', N'Thị', N'Chi', N'Nữ', '01/01/1995', 'NNT', 'KT', 1550, 0),
		('017', N'Nguyễn', N'Thanh', N'Quốc', N'NAM', '01/01/1999', 'TKDH', 'KHCT', 1575, 0),
		('018', N'Nguyễn', N'Văn', N'Chánh', N'NAM', '01/06/1997', 'MMT', 'CNTT', 1625, 1),
		('019', N'Nguyễn', N'Hành', N'Chánh', N'NAM', '01/06/1994', '', 'MKT', 1625, 0)
	ALTER TABLE GIAOVIEN
	CHECK CONSTRAINT ALL
END

BEGIN
	INSERT INTO SDT 
		(MAGV, SO_DIEN_THOAI)
	VALUES 
		('001', '0937927510'),
		('001', '0937927511'),
		('001', '0937927512'),
		('001', '0937927513'),
		('002', '0123456789'),
		('002', '0123456780'),
		('003', '0987654321'),
		('004', '0101010101'),
		('004', '0202020202'),
		('005', '0120120120'),
		('006', '0011221100'),
		('007', '0909080807'),
		('008', '0120120121')
END

BEGIN
	INSERT INTO DIA_CHI 
		(MAGV, SONHA, DUONG, QUAN, THANHPHO)
	VALUES
		('001', N'371', N'Nguyễn Kiệm', N'Gò Vấp', N'TP.HCM'),
		('002', N'162T', N'Trường Chinh', N'Tân Bình', N'TP.HCM'),
		('003', N'8 Đ', N'Song Hành', N'Quận 12', N'Bà Rịa Vũng Tàu'),
		('004', N'17', N'Nguyễn Văn Lạc', N'Bình Thạnh', N'Cao Bằng'),
		('005', N'17', N'Nguyễn Văn Lạc', N'Bình Thạnh', N'Ninh Thuận'),
		('006', N'17', N'Nguyễn Văn Lạc', N'Bình Thạnh', N'Bình Thuận'),
		('007', N'17', N'Nguyễn Văn Lạc', N'Bình Thạnh', N'Hà Nội'),
		('008', N'17', N'Nguyễn Văn Lạc', N'Bình Thạnh', N'TP.HCM'),
		('009', N'17', N'Nguyễn Văn Lạc', N'Bình Thạnh', N'Bình Thuận'),
		('010', N'17', N'Nguyễn Văn Lạc', N'Bình Thạnh', N'TP.HCM'),
		('011', N'17', N'Nguyễn Văn Lạc', N'Bình Thạnh', N'Cao Bằng'),
		('012', N'17', N'Nguyễn Văn Lạc', N'Bình Thạnh', N'Sóc Trăng'),
		('013', N'17', N'Nguyễn Văn Lạc', N'Bình Thạnh', N'Ninh Thuận'),
		('014', N'17', N'Nguyễn Văn Lạc', N'Bình Thạnh', N'Tây Ninh'),
		('015', N'17', N'Nguyễn Văn Lạc', N'Bình Thạnh', N'Hà Giang'),
		('016', N'17', N'Nguyễn Văn Lạc', N'Bình Thạnh', N'Cà Mau'),
		('017', N'17', N'Nguyễn Văn Lạc', N'Bình Thạnh', N'Cao Bằng')
END

BEGIN
	INSERT INTO PHONG 
		(MA, TEN)
	VALUES 
		('01', N'E001'),
		('02', N'E002'),
		('03', N'E003'),
		('04', N'E004'),
		('05', N'E005'),
		('06', N'E006'),
		('07', N'E007'),
		('08', N'E008'),
		('09', N'E009'),
		('10', N'E010'),
		('11', N'E011'),
		('12', N'E012'),
		('13', N'E013'),
		('14', N'E014'),
		('15', N'E015'),
		('16', N'E016'),
		('17', N'E017'),
		('18', N'E018'),
		('19', N'E019'),
		('20', N'E020')
END

BEGIN
	ALTER TABLE KHOA
	NOCHECK CONSTRAINT ALL
	INSERT INTO KHOA 
		(MA, TEN, NAM_THANH_LAP, PHONG_LAM_VIEC, SO_DIEN_THOAI, TRUONG_KHOA, NGAY_NHAN_CHUC)
	VALUES 
		('CNTT', N'Công nghệ thông tin', '1980', '01', '', '001', '02/02/2020'),
		('MKT', N'Marketing', '2020', '02', '', '002', '02/02/2022'),
		('NN', N'Ngôn ngữ', '1990', '03', '', '003', '02/02/2021'),
		('TT', N'Truyền thông', '2020', '04', '', '006', '02/02/2022'),
		('KHCT', N'Khoa học chính trị', '1985', '05', '', '001', '01/04/2005'),
		('TLH', N'Tâm lý học', '1991', '06', '', '', ''),
		('KT', N'Kế toán', '2000', '07', '', '004', '09/08/2001')
	ALTER TABLE KHOA
	CHECK CONSTRAINT ALL
END

BEGIN
	ALTER TABLE BO_MON
	NOCHECK CONSTRAINT ALL
	INSERT INTO BO_MON 
		(MA, TEN, PHONG, SO_DIEN_THOAI, MA_KHOA, TRUONG_BO_MON, NGAY_NHAN_CHUC)
	VALUES 
		('HTTT', N'Hệ thống thông tin', 'B000', '', 'CNTT', '001', '02/02/2015'),
		('MMT', N'Mạng máy tính', 'B001', '', 'CNTT', '002', '02/03/2014'),
		('KTPM', N'Kỹ thuật phần mềm', 'B002', '', 'CNTT', '003', '02/04/2016'),
		('TKDH', N'Thiết kế đồ họa', 'B003', '', 'CNTT', '008', '02/05/2017'),
		('NNA', N'Ngôn ngữ Anh', 'B004', '', 'NN', '007', '02/06/2022'),
		('NNT', N'Ngôn ngữ Trung', 'B005', '', 'NN', '006', '02/07/2022'),
		('CCH', N'Chính trị học', 'B006', '', 'KHCT', '', '02/07/2022'),
		('KT', N'Kiến trúc', 'B007', '', 'KT', '', '02/07/2022')
	ALTER TABLE BO_MON
	CHECK CONSTRAINT ALL
END

BEGIN
	INSERT INTO NGUOI_THAN 
		(HO, TENLOT, TEN, PHAI, NGSINH, MAGV)
	VALUES
		(N'Nguyễn', N'Văn', N'Q', N'NAM', '12/31/1980', '001'),
		(N'Ngô', N'Thị', N'H', N'NỮ', '12/31/1981', '001'),
		(N'Nguyễn', N'Chính', N'N', N'NAM', '12/31/1982', '002'),
		(N'Ngô', N'Thị Minh', N'H', N'NỮ', '12/31/1976', '003'),
		(N'Bùi', N'', N'Tiến', N'NAM', '12/31/1984', '004')
END

BEGIN
	INSERT INTO DIA_CHI 
		(MAGV, SONHA, DUONG, QUAN, THANHPHO)
	VALUES
		('001', N'1000', N'Nguyễn Văn Cừ', N'Quận 1', N'TP.HCM'),
		('002', N'1001', N'Nguyễn Văn Nghi', N'Gò Vấp', N'TP.HCM'),
		('003', N'1002', N'Nguyễn Thái Học', N'Quận 1', N'TP.HCM'),
		('004', N'1003', N'Cách Mạng Tháng 8', N'Quận 10', N'TP.HCM'),
		('005', N'1004', N'Nguyễn Văn Cừ', N'Quận 1', N'TP.HCM'),
		('006', N'1005', N'Lê Hồng Phong', N'Quận 10', N'TP.HCM'),
		('007', N'1006', N'Chu Văn An', N'Bình Thạnh', N'TP.HCM'),
		('008', N'1007', N'Phan Văn Trị', N'Bình Thạnh', N'TP.HCM'),
		('009', N'1008', N'Quang Trung', N'Gò Vấp', N'TP.HCM'),
		('010', N'1009', N'Thích Quảng Đức', N'Phú Nhuận', N'TP.HCM')
END

BEGIN
	INSERT INTO CHU_DE 
		(MA, TEN)
	VALUES
		('400', N'Chủ đề 0'),
		('401', N'Chủ đề 1'),
		('402', N'Chủ đề 2'),
		('403', N'Chủ đề 3'),
		('404', N'Chủ đề 4'),
		('405', N'Chủ đề 5')
END

BEGIN
	ALTER TABLE DE_TAI
	NOCHECK CONSTRAINT ALL
	INSERT INTO DE_TAI 
		(MA, TEN, CAP_QUAN_LY, KINH_PHI, NGAY_BAT_DAU, NGAY_KET_THUC, CHU_DE, LA_CAPTRUONG)
	VALUES
		('001', N'HTTT quản lý các trường ĐH', '001', 150000, '01/01/2023', '01/01/2025', '400', 1),
		('002', N'HTTT quản lý giáo vụ cho một Khoa', '002', 150000, '02/01/2023', '01/01/2026', '401', 1),
		('003', N'Ứng dụng hóa học xanh', '003', 120000, '03/01/2023', '01/01/2027', '402', 1),
		('004', N'HTTT quản lý các trường TH', '004', 125000, '04/01/2023', '01/01/2028', '403', 1),
		('005', N'Ứng dụng Di động React Native', '005', 115000, '05/01/2023', '01/01/2029', '404', 1),
		('006', N'Nhận dạng Hình ảnh sử dụng Máy học', '006', 117500, '06/01/2023', '01/01/2030', '405', 0),
		('007', N'Ảnh hưởng của Thói quen Ăn đối với Tim mạch', '007', 107000, '07/01/2023', '01/01/2031', '400', 0),
		('008', N'Dự đoán Ung thư qua Genomic', '007', 90000, '07/01/2023', '01/01/2031', '400', 0),
		('009', N'Yếu tố ảnh hưởng đến Hạnh phúc', '007', 80000, '07/01/2023', '01/01/2031', '400', 0),
		('010', N'Biến đổi Khí hậu và Rừng Amazon', '007', 100000, '07/01/2023', '01/01/2031', '400', 0),
		('011', N'Sáng tạo trong Quảng cáo: Màu sắc và Hình ảnh', '007', 110000, '07/01/2023', '01/01/2031', '400', 0),
		('012', N'Cơ chế Enzyme trong Tiêu hóa thức ăn', '007', 140000, '07/01/2023', '01/01/2031', '400', 0),
		('013', N'Ứng dụng VR cho Trải nghiệm Nghệ thuật tương tác', '007', 130000, '07/01/2023', '01/01/2031', '400', 0),
		('014', N'Văn hóa và Quyết định Kinh tế cá nhân', '007', 115000, '07/01/2023', '01/01/2031', '400', 0),
		('015', N'Nghiên cứu Vắc xin mới chống Vi khuẩn Kháng thuốc', '007', 117000, '07/01/2023', '01/01/2031', '400', 0)
	ALTER TABLE DE_TAI
	CHECK CONSTRAINT ALL
END

BEGIN
	ALTER TABLE CONG_VIEC
	NOCHECK CONSTRAINT ALL
	INSERT INTO CONG_VIEC 
		(STT_CONGVIEC, MA, TEN, NGAY_BAT_DAU, NGAY_KET_THUC)
	VALUES 
		(0, '001', N'Làm công ăn lương', '01/01/2023', '01/01/2024'),
		(1, '002', N'Ngủ trên công ty', '02/01/2023', '01/01/2025'),
		(2, '003', N'Sắp xếp tài liệu', '03/01/2023', '01/01/2026'),
		(3, '001', N'Làm công', '04/01/2023', '01/01/2027'),
		(4, '004', N'Chơi game', '05/01/2023', '01/01/2028'),
		(5, '003', N'Tính toán tài liệu', '06/01/2023', '01/01/2029'),
		(6, '001', N'Làm công 2', '04/01/2023', '01/01/2027'),
		(7, '005', N'Nghe nhạc', '05/12/2023', '01/04/2024')
	ALTER TABLE CONG_VIEC
	CHECK CONSTRAINT ALL
END

BEGIN
	INSERT INTO THAMGIADT 
		(MA, MAGV, STT_CONGVIEC)
	VALUES 
		('001', '001', 0),
		('001', '001', 3),
		('001', '001', 6),
		('001', '006', 0),
		('001', '006', 3),
		('001', '009', 0),
		('001', '008', 3),
		('002', '008', 1),
		('003', '002', 2),
		('004', '003', 4),
		('005', '004', 7),
		('003', '002', 5),
		('001', '018', 3),
		('001', '018', 0),
		('001', '002', 0),
		('001', '002', 3),
		('001', '002', 6),
		('001', '004', 0),
		('002', '004', 1),
		('003', '004', 2),
		('004', '004', 4),
		('005', '004', 7)
END


-- TRIGGER AFTER INSERT

GO
CREATE TRIGGER AUTO_PHUCAPGV
ON THAMGIADT
AFTER INSERT
AS
BEGIN
    UPDATE GIAOVIEN
    SET PHU_CAP = PHU_CAP + 0.5
    WHERE MA IN (
		SELECT MAGV FROM Inserted
	);
END;

-- TRIGGER BEFORE INSERT

/*
GO
CREATE TRIGGER AUTO_THAMGIADT
ON THAMGIADT
INSTEAD OF INSERT
AS
BEGIN

    INSERT INTO THAMGIADT
		(MA, MAGV, STT_CONGVIEC)
	SELECT MA, MAGV, STT_CONGVIEC
    FROM inserted;
END;
*/

-- TRIGGER UPDATE

GO
CREATE TRIGGER bo_mon_TRUONG_BO_MON
ON BO_MON
AFTER UPDATE
AS 
BEGIN
	IF UPDATE(TRUONG_BO_MON)
	BEGIN
		UPDATE BO_MON
		SET NGAY_NHAN_CHUC = CURRENT_TIMESTAMP
		FROM BO_MON
		INNER JOIN inserted ON BO_MON.MA = inserted.MA
		WHERE (
			inserted.TRUONG_BO_MON IS NOT NULL
		);

		UPDATE BO_MON
		SET NGAY_NHAN_CHUC = NULL
		FROM BO_MON
		INNER JOIN inserted ON BO_MON.MA = inserted.MA
		WHERE (
			inserted.TRUONG_BO_MON IS NULL
		);
	END
END;

GO
CREATE TRIGGER khoa_TRUONG_KHOA
ON KHOA	
AFTER UPDATE
AS 
BEGIN
	IF UPDATE(TRUONG_KHOA)
	BEGIN
		UPDATE KHOA
		SET NGAY_NHAN_CHUC = CURRENT_TIMESTAMP
		FROM KHOA
		INNER JOIN inserted ON KHOA.MA = inserted.MA
		WHERE (
			inserted.TRUONG_KHOA IS NOT NULL
		);

		UPDATE KHOA
		SET NGAY_NHAN_CHUC = NULL
		FROM KHOA
		INNER JOIN inserted ON KHOA.MA = inserted.MA
		WHERE (
			inserted.TRUONG_KHOA IS NULL
		);
	END
END;


-- TRIGGER DELETE

GO
CREATE TRIGGER DELETE_GIAOVIEN
ON GIAOVIEN
INSTEAD OF DELETE
AS
BEGIN
	DELETE FROM DIA_CHI
	WHERE MAGV IN (
		SELECT MA FROM deleted
	);
	DELETE FROM SDT
	WHERE MAGV IN (
		SELECT MA FROM deleted
	);
	DELETE FROM NGUOI_THAN 
	WHERE MAGV IN (
		SELECT MA FROM deleted
	);
	DELETE FROM THAMGIADT
	WHERE MAGV IN (
		SELECT MA FROM deleted
	);
	UPDATE KHOA
	SET TRUONG_KHOA = NULL
	WHERE TRUONG_KHOA IN (
		SELECT MA FROM deleted
	);
	UPDATE BO_MON
	SET TRUONG_BO_MON = NULL
	WHERE TRUONG_BO_MON IN (
		SELECT MA FROM deleted
	);
	UPDATE DE_TAI
	SET CAP_QUAN_LY = NULL
	WHERE CAP_QUAN_LY IN (
		SELECT MA FROM deleted
	);
	DELETE FROM GIAOVIEN
	WHERE MA IN (
		SELECT MA FROM deleted
	);
END;

GO

CREATE TRIGGER DELETE_CONG_VIEC
ON CONG_VIEC
INSTEAD OF DELETE
AS
BEGIN
	DELETE FROM THAMGIADT
	WHERE STT_CONGVIEC IN (
		SELECT 
			STT_CONGVIEC 
		FROM 
			THAMGIADT
		WHERE MA IN (
			SELECT MA FROM deleted
		)
	);
	DELETE FROM THAMGIADT
	WHERE MA IN (
		SELECT MA FROM deleted
	);
	DELETE FROM CONG_VIEC
	WHERE STT_CONGVIEC IN (
		SELECT STT_CONGVIEC FROM deleted
	);
END;

GO
CREATE TRIGGER DELETE_DE_TAI
ON DE_TAI
INSTEAD OF DELETE
AS
BEGIN
	DELETE FROM CONG_VIEC
	WHERE MA IN (
		SELECT MA FROM deleted
	);
	DELETE FROM DE_TAI
	WHERE MA IN (
		SELECT MA FROM deleted
	);
END;

GO
CREATE TRIGGER DELETE_CHU_DE
ON CHU_DE
INSTEAD OF DELETE
AS
BEGIN
	DELETE FROM DE_TAI
	WHERE CHU_DE IN (
		SELECT MA FROM deleted
	)
	DELETE FROM CHU_DE
	WHERE MA IN (
		SELECT MA FROM deleted
	);
END;

GO
CREATE TRIGGER DELETE_BO_MON
ON BO_MON
INSTEAD OF DELETE
AS
BEGIN
	UPDATE GIAOVIEN
	SET BO_MON = NULL
	WHERE BO_MON IN (
		SELECT MA FROM deleted
	);
	DELETE FROM BO_MON
	WHERE MA IN (
		SELECT MA FROM deleted
	);
END;

GO
CREATE TRIGGER DELETE_KHOA
ON KHOA
INSTEAD OF DELETE
AS
BEGIN
	UPDATE GIAOVIEN
	SET KHOA = NULL
	WHERE KHOA IN (
		SELECT MA FROM deleted
	);
	DELETE FROM BO_MON 
	WHERE MA_KHOA IN (
		SELECT MA FROM deleted
	);
	DELETE FROM KHOA
	WHERE MA IN (
		SELECT MA FROM deleted
	);
END;